,validatation_mae,validation_mse,train_mae,train_mse,train_accuracy
0,1.1919927597045898,0.7007745504379272,1.2388534545898438,0.7256742119789124,7204.0
